order,index,discussion_path,discussion_url,model_id,is_hidden,length,is_non_english,contains_question_run_1,contains_question_run_2,contains_question_run_3,contains_question_final_class
1,17338,stabilityai@stable-diffusion-2-depth\discussion_6.yaml,https://huggingface.co/stabilityai/stable-diffusion-2-depth/discussions/6,stabilityai/stable-diffusion-2-depth,False,291,False,yes,no,yes,yes
2,4956,Defpoint@Defmix-v2.0\discussion_2.yaml,https://huggingface.co/Defpoint/Defmix-v2.0/discussions/2,Defpoint/Defmix-v2.0,False,92,False,yes,yes,yes,yes
3,11681,migtissera@Synthia-70B-v1.2b\discussion_2.yaml,https://huggingface.co/migtissera/Synthia-70B-v1.2b/discussions/2,migtissera/Synthia-70B-v1.2b,False,226,False,no,no,no,no
4,16020,Salesforce@codegen-350M-multi\discussion_4.yaml,https://huggingface.co/Salesforce/codegen-350M-multi/discussions/4,Salesforce/codegen-350M-multi,False,870,False,no,no,no,no
5,15753,runwayml@stable-diffusion-v1-5\discussion_24.yaml,https://huggingface.co/runwayml/stable-diffusion-v1-5/discussions/24,runwayml/stable-diffusion-v1-5,False,348,False,yes,yes,yes,yes
6,4105,ctheodoris@Geneformer\discussion_101.yaml,https://huggingface.co/ctheodoris/Geneformer/discussions/101,ctheodoris/Geneformer,False,3792,False,yes,yes,yes,yes
7,3440,CompVis@stable-diffusion\discussion_8.yaml,https://huggingface.co/CompVis/stable-diffusion/discussions/8,CompVis/stable-diffusion,False,381,False,no,yes,yes,yes
8,12124,Mitsua@mitsua-diffusion-one\discussion_3.yaml,https://huggingface.co/Mitsua/mitsua-diffusion-one/discussions/3,Mitsua/mitsua-diffusion-one,False,981,False,yes,yes,yes,yes
9,21830,Undi95@Toppy-M-7B\discussion_1.yaml,https://huggingface.co/Undi95/Toppy-M-7B/discussions/1,Undi95/Toppy-M-7B,False,924,False,no,no,no,no
10,17359,stabilityai@stable-diffusion-2-inpainting\discussion_9.yaml,https://huggingface.co/stabilityai/stable-diffusion-2-inpainting/discussions/9,stabilityai/stable-diffusion-2-inpainting,False,629,False,no,yes,no,no
11,5005,dennlinger@bert-wiki-paragraphs\discussion_1.yaml,https://huggingface.co/dennlinger/bert-wiki-paragraphs/discussions/1,dennlinger/bert-wiki-paragraphs,False,1804,False,yes,yes,yes,yes
12,1825,bigcode@starcoder\discussion_49.yaml,https://huggingface.co/bigcode/starcoder/discussions/49,bigcode/starcoder,False,4875,False,yes,yes,yes,yes
13,8509,ibombonato@swin-age-classifier\discussion_2.yaml,https://huggingface.co/ibombonato/swin-age-classifier/discussions/2,ibombonato/swin-age-classifier,False,821,False,no,no,no,no
14,12943,neulab@codebert-python\discussion_2.yaml,https://huggingface.co/neulab/codebert-python/discussions/2,neulab/codebert-python,False,741,False,yes,yes,yes,yes
15,7240,google@flan-t5-large\discussion_16.yaml,https://huggingface.co/google/flan-t5-large/discussions/16,google/flan-t5-large,False,558,False,yes,yes,yes,yes
16,22358,Webaverse@Stable-Dreamfusion\discussion_1.yaml,https://huggingface.co/Webaverse/Stable-Dreamfusion/discussions/1,Webaverse/Stable-Dreamfusion,False,187,False,yes,yes,no,yes
17,11383,microsoft@git-base\discussion_1.yaml,https://huggingface.co/microsoft/git-base/discussions/1,microsoft/git-base,False,570,False,yes,yes,yes,yes
18,21782,Undi95@Mixtral-4x7B-DPO-RPChat-GGUF\discussion_4.yaml,https://huggingface.co/Undi95/Mixtral-4x7B-DPO-RPChat-GGUF/discussions/4,Undi95/Mixtral-4x7B-DPO-RPChat-GGUF,False,273,False,no,no,no,no
19,15328,Qwen@Qwen-Audio\discussion_3.yaml,https://huggingface.co/Qwen/Qwen-Audio/discussions/3,Qwen/Qwen-Audio,False,3214,False,no,no,no,no
20,9173,JCTN@pygmalion-13b-4bit-128g\discussion_1.yaml,https://huggingface.co/JCTN/pygmalion-13b-4bit-128g/discussions/1,JCTN/pygmalion-13b-4bit-128g,False,2304,False,yes,yes,yes,yes
21,4463,darkVOYAGE@dvMJv4\discussion_1.yaml,https://huggingface.co/darkVOYAGE/dvMJv4/discussions/1,darkVOYAGE/dvMJv4,False,2002,False,yes,yes,yes,yes
22,20046,TheBloke@Wizard-Vicuna-30B-Uncensored-GPTQ\discussion_15.yaml,https://huggingface.co/TheBloke/Wizard-Vicuna-30B-Uncensored-GPTQ/discussions/15,TheBloke/Wizard-Vicuna-30B-Uncensored-GPTQ,False,2706,False,yes,yes,yes,yes
23,2425,bucketresearch@politicalBiasBERT\discussion_2.yaml,https://huggingface.co/bucketresearch/politicalBiasBERT/discussions/2,bucketresearch/politicalBiasBERT,False,321,False,no,no,no,no
24,18455,TheBloke@deepseek-coder-6.7B-base-GGUF\discussion_1.yaml,https://huggingface.co/TheBloke/deepseek-coder-6.7B-base-GGUF/discussions/1,TheBloke/deepseek-coder-6.7B-base-GGUF,False,1154,False,no,no,no,no
25,18600,TheBloke@FashionGPT-70B-V1.1-GPTQ\discussion_1.yaml,https://huggingface.co/TheBloke/FashionGPT-70B-V1.1-GPTQ/discussions/1,TheBloke/FashionGPT-70B-V1.1-GPTQ,False,246,False,no,no,no,no
26,19768,TheBloke@StableBeluga2-70B-GPTQ\discussion_12.yaml,https://huggingface.co/TheBloke/StableBeluga2-70B-GPTQ/discussions/12,TheBloke/StableBeluga2-70B-GPTQ,False,247,False,yes,yes,yes,yes
27,21875,unum-cloud@uform\discussion_1.yaml,https://huggingface.co/unum-cloud/uform/discussions/1,unum-cloud/uform,False,2977,False,yes,yes,yes,yes
28,3794,CompVis@stable-diffusion-v1-4\discussion_236.yaml,https://huggingface.co/CompVis/stable-diffusion-v1-4/discussions/236,CompVis/stable-diffusion-v1-4,False,77,False,no,no,no,no
29,17172,stabilityai@sd-x2-latent-upscaler\discussion_2.yaml,https://huggingface.co/stabilityai/sd-x2-latent-upscaler/discussions/2,stabilityai/sd-x2-latent-upscaler,False,1464,False,yes,yes,yes,yes
30,11607,microsoft@swin-large-patch4-window12-384-in22k\discussion_1.yaml,https://huggingface.co/microsoft/swin-large-patch4-window12-384-in22k/discussions/1,microsoft/swin-large-patch4-window12-384-in22k,False,283,False,yes,yes,yes,yes
31,2078,bigscience@bloom\discussion_80.yaml,https://huggingface.co/bigscience/bloom/discussions/80,bigscience/bloom,False,428,False,yes,yes,yes,yes
32,12267,mmnga@rinna-bilingual-gpt-neox-4b-ggml\discussion_1.yaml,https://huggingface.co/mmnga/rinna-bilingual-gpt-neox-4b-ggml/discussions/1,mmnga/rinna-bilingual-gpt-neox-4b-ggml,False,174,False,yes,yes,yes,yes
33,7083,Gazoche@stable-diffusion-gundam\discussion_1.yaml,https://huggingface.co/Gazoche/stable-diffusion-gundam/discussions/1,Gazoche/stable-diffusion-gundam,False,401,False,yes,yes,yes,yes
34,17348,stabilityai@stable-diffusion-2-inpainting\discussion_24.yaml,https://huggingface.co/stabilityai/stable-diffusion-2-inpainting/discussions/24,stabilityai/stable-diffusion-2-inpainting,False,5623,False,no,no,no,no
35,9936,laion@CLIP-ViT-B-32-xlm-roberta-base-laion5B-s13B-b90k\discussion_2.yaml,https://huggingface.co/laion/CLIP-ViT-B-32-xlm-roberta-base-laion5B-s13B-b90k/discussions/2,laion/CLIP-ViT-B-32-xlm-roberta-base-laion5B-s13B-b90k,False,3277,False,yes,yes,yes,yes
36,4053,crishhh@animatediff_controlnet\discussion_2.yaml,https://huggingface.co/crishhh/animatediff_controlnet/discussions/2,crishhh/animatediff_controlnet,False,943,False,yes,yes,yes,yes
37,8947,intfloat@e5-large-v2\discussion_13.yaml,https://huggingface.co/intfloat/e5-large-v2/discussions/13,intfloat/e5-large-v2,False,1514,False,yes,yes,yes,yes
38,8386,HuggingFaceM4@idefics-9b-instruct\discussion_7.yaml,https://huggingface.co/HuggingFaceM4/idefics-9b-instruct/discussions/7,HuggingFaceM4/idefics-9b-instruct,False,2422,False,yes,yes,yes,yes
39,12948,neuralmind@bert-base-portuguese-cased\discussion_2.yaml,https://huggingface.co/neuralmind/bert-base-portuguese-cased/discussions/2,neuralmind/bert-base-portuguese-cased,False,1263,False,no,yes,no,no
40,8908,internlm@internlm-chat-20b-4bit\discussion_1.yaml,https://huggingface.co/internlm/internlm-chat-20b-4bit/discussions/1,internlm/internlm-chat-20b-4bit,False,578,False,yes,yes,yes,yes
41,15471,relaxml@Llama-1-30b-hf\discussion_2.yaml,https://huggingface.co/relaxml/Llama-1-30b-hf/discussions/2,relaxml/Llama-1-30b-hf,False,100,False,yes,yes,yes,yes
42,10140,lgaalves@tinyllama-1.1b-chat-v0.3_platypus\discussion_2.yaml,https://huggingface.co/lgaalves/tinyllama-1.1b-chat-v0.3_platypus/discussions/2,lgaalves/tinyllama-1.1b-chat-v0.3_platypus,False,338,False,yes,yes,yes,yes
43,10674,LoneStriker@lzlv_70b_fp16_hf-4.65bpw-h6-exl2-2\discussion_1.yaml,https://huggingface.co/LoneStriker/lzlv_70b_fp16_hf-4.65bpw-h6-exl2-2/discussions/1,LoneStriker/lzlv_70b_fp16_hf-4.65bpw-h6-exl2-2,False,1121,False,yes,yes,yes,yes
44,13876,openai-community@openai-gpt\discussion_2.yaml,https://huggingface.co/openai-community/openai-gpt/discussions/2,openai-community/openai-gpt,False,511,False,yes,yes,yes,yes
45,20457,thibaud@controlnet-sd21-openposev2-diffusers\discussion_1.yaml,https://huggingface.co/thibaud/controlnet-sd21-openposev2-diffusers/discussions/1,thibaud/controlnet-sd21-openposev2-diffusers,False,223,False,yes,yes,yes,yes
46,9097,jakariamd@opp_115_privacy_contact_information\discussion_3.yaml,https://huggingface.co/jakariamd/opp_115_privacy_contact_information/discussions/3,jakariamd/opp_115_privacy_contact_information,False,228,False,yes,yes,yes,yes
47,18774,TheBloke@koala-7B-GPTQ\discussion_5.yaml,https://huggingface.co/TheBloke/koala-7B-GPTQ/discussions/5,TheBloke/koala-7B-GPTQ,False,2481,False,yes,yes,yes,yes
48,16466,segmind@SSD-1B\discussion_18.yaml,https://huggingface.co/segmind/SSD-1B/discussions/18,segmind/SSD-1B,False,13410,False,no,no,no,no
49,4159,ctheodoris@Geneformer\discussion_207.yaml,https://huggingface.co/ctheodoris/Geneformer/discussions/207,ctheodoris/Geneformer,False,6548,False,yes,yes,yes,yes
50,4383,dalle-mini@vqgan_imagenet_f16_16384\discussion_5.yaml,https://huggingface.co/dalle-mini/vqgan_imagenet_f16_16384/discussions/5,dalle-mini/vqgan_imagenet_f16_16384,False,698,False,no,no,no,no
51,7137,gfodor@segmind-vega-fp16-onnx\discussion_1.yaml,https://huggingface.co/gfodor/segmind-vega-fp16-onnx/discussions/1,gfodor/segmind-vega-fp16-onnx,False,83,False,yes,yes,yes,yes
52,6527,facebook@tts_transformer-es-css10\discussion_2.yaml,https://huggingface.co/facebook/tts_transformer-es-css10/discussions/2,facebook/tts_transformer-es-css10,False,314,False,no,no,no,no
53,565,Aladlyco@Bestfamilyandcriminallawyerinegypt\discussion_1.yaml,https://huggingface.co/Aladlyco/Bestfamilyandcriminallawyerinegypt/discussions/1,Aladlyco/Bestfamilyandcriminallawyerinegypt,False,860,False,no,no,no,no
54,22940,Yntec@Dreamsphere\discussion_2.yaml,https://huggingface.co/Yntec/Dreamsphere/discussions/2,Yntec/Dreamsphere,False,153,False,no,no,no,no
56,9578,justinpinkney@miniSD\discussion_3.yaml,https://huggingface.co/justinpinkney/miniSD/discussions/3,justinpinkney/miniSD,False,380,False,yes,yes,yes,yes
57,17451,stabilityai@stable-diffusion-xl-base-1.0\discussion_119.yaml,https://huggingface.co/stabilityai/stable-diffusion-xl-base-1.0/discussions/119,stabilityai/stable-diffusion-xl-base-1.0,False,584,False,yes,yes,yes,yes
58,9853,Kooten@Noromaid-7B-0.4-DPO-4bpw-exl2\discussion_1.yaml,https://huggingface.co/Kooten/Noromaid-7B-0.4-DPO-4bpw-exl2/discussions/1,Kooten/Noromaid-7B-0.4-DPO-4bpw-exl2,False,751,False,no,no,no,no
59,32,01-ai@Yi-34B\discussion_6.yaml,https://huggingface.co/01-ai/Yi-34B/discussions/6,01-ai/Yi-34B,False,643,False,yes,yes,yes,yes
60,2164,bigscience@bloomz\discussion_38.yaml,https://huggingface.co/bigscience/bloomz/discussions/38,bigscience/bloomz,False,610,False,yes,yes,yes,yes
61,7929,hearmeneigh@e621-rising-v3\discussion_1.yaml,https://huggingface.co/hearmeneigh/e621-rising-v3/discussions/1,hearmeneigh/e621-rising-v3,False,208,False,yes,yes,yes,yes
62,16674,SG161222@Realistic_Vision_V5.1_noVAE\discussion_1.yaml,https://huggingface.co/SG161222/Realistic_Vision_V5.1_noVAE/discussions/1,SG161222/Realistic_Vision_V5.1_noVAE,False,5127,False,yes,yes,yes,yes
63,22793,Yanni8@bert-emotions\discussion_1.yaml,https://huggingface.co/Yanni8/bert-emotions/discussions/1,Yanni8/bert-emotions,False,92,False,yes,no,no,no
64,11572,microsoft@phi-2\discussion_93.yaml,https://huggingface.co/microsoft/phi-2/discussions/93,microsoft/phi-2,False,305,False,no,no,no,no
65,12984,NeverSleep@Noromaid-7b-v0.2\discussion_1.yaml,https://huggingface.co/NeverSleep/Noromaid-7b-v0.2/discussions/1,NeverSleep/Noromaid-7b-v0.2,False,151,False,no,no,yes,no
66,5299,digiplay@polla_mix_2.4D\discussion_2.yaml,https://huggingface.co/digiplay/polla_mix_2.4D/discussions/2,digiplay/polla_mix_2.4D,False,130,False,no,no,no,no
67,22369,webui@ControlNet-modules-safetensors\discussion_16.yaml,https://huggingface.co/webui/ControlNet-modules-safetensors/discussions/16,webui/ControlNet-modules-safetensors,False,109,False,yes,yes,yes,yes
68,3799,CompVis@stable-diffusion-v1-4\discussion_26.yaml,https://huggingface.co/CompVis/stable-diffusion-v1-4/discussions/26,CompVis/stable-diffusion-v1-4,False,1402,False,yes,yes,yes,yes
69,6827,flashvenom@Airoboros-13B-SuperHOT-8K-4bit-GPTQ\discussion_2.yaml,https://huggingface.co/flashvenom/Airoboros-13B-SuperHOT-8K-4bit-GPTQ/discussions/2,flashvenom/Airoboros-13B-SuperHOT-8K-4bit-GPTQ,False,206,False,yes,yes,yes,yes
70,2168,bigscience@bloomz\discussion_42.yaml,https://huggingface.co/bigscience/bloomz/discussions/42,bigscience/bloomz,False,283,False,yes,yes,yes,yes
71,20957,tiiuae@falcon-40b-instruct\discussion_87.yaml,https://huggingface.co/tiiuae/falcon-40b-instruct/discussions/87,tiiuae/falcon-40b-instruct,False,1036,False,yes,yes,yes,yes
73,14631,Pclanglais@Brahe\discussion_2.yaml,https://huggingface.co/Pclanglais/Brahe/discussions/2,Pclanglais/Brahe,False,887,False,no,no,no,no
74,19685,TheBloke@SOLAR-10.7B-Instruct-v1.0-GGUF\discussion_3.yaml,https://huggingface.co/TheBloke/SOLAR-10.7B-Instruct-v1.0-GGUF/discussions/3,TheBloke/SOLAR-10.7B-Instruct-v1.0-GGUF,False,2052,False,yes,yes,yes,yes
75,22181,vllab@controlnet-hands\discussion_3.yaml,https://huggingface.co/vllab/controlnet-hands/discussions/3,vllab/controlnet-hands,False,95,False,yes,yes,yes,yes
76,12530,mosaicml@mpt-7b\discussion_67.yaml,https://huggingface.co/mosaicml/mpt-7b/discussions/67,mosaicml/mpt-7b,False,3495,False,yes,yes,yes,yes
77,3117,codellama@CodeLlama-34b-Instruct-hf\discussion_16.yaml,https://huggingface.co/codellama/CodeLlama-34b-Instruct-hf/discussions/16,codellama/CodeLlama-34b-Instruct-hf,False,1383,False,yes,yes,yes,yes
79,2879,Chinese-Vicuna@llama7b_4bit_128g\discussion_3.yaml,https://huggingface.co/Chinese-Vicuna/llama7b_4bit_128g/discussions/3,Chinese-Vicuna/llama7b_4bit_128g,False,104,False,yes,yes,yes,yes
80,11525,microsoft@phi-2\discussion_43.yaml,https://huggingface.co/microsoft/phi-2/discussions/43,microsoft/phi-2,False,713,False,yes,yes,yes,yes
82,14658,PeepDaSlan9@BMO_3.5\discussion_1.yaml,https://huggingface.co/PeepDaSlan9/BMO_3.5/discussions/1,PeepDaSlan9/BMO_3.5,False,71,False,yes,yes,yes,yes
83,6564,facebook@xm_transformer_s2ut_hk-en\discussion_1.yaml,https://huggingface.co/facebook/xm_transformer_s2ut_hk-en/discussions/1,facebook/xm_transformer_s2ut_hk-en,False,7577,False,yes,yes,yes,yes
84,5853,EleutherAI@gpt-neox-20b\discussion_11.yaml,https://huggingface.co/EleutherAI/gpt-neox-20b/discussions/11,EleutherAI/gpt-neox-20b,False,837,False,yes,yes,yes,yes
85,4175,ctheodoris@Geneformer\discussion_223.yaml,https://huggingface.co/ctheodoris/Geneformer/discussions/223,ctheodoris/Geneformer,False,2020,False,no,no,no,no
87,22634,Xenova@multilingual-e5-small\discussion_1.yaml,https://huggingface.co/Xenova/multilingual-e5-small/discussions/1,Xenova/multilingual-e5-small,False,1430,False,no,no,no,no
88,22594,Wolwollu@ChilloutMix\discussion_1.yaml,https://huggingface.co/Wolwollu/ChilloutMix/discussions/1,Wolwollu/ChilloutMix,False,146,False,no,no,no,no
89,17382,stabilityai@stable-diffusion-xl-1.0-tensorrt\discussion_7.yaml,https://huggingface.co/stabilityai/stable-diffusion-xl-1.0-tensorrt/discussions/7,stabilityai/stable-diffusion-xl-1.0-tensorrt,False,6837,False,no,no,no,no
90,9649,kandinsky-community@kandinsky-2-2-prior\discussion_4.yaml,https://huggingface.co/kandinsky-community/kandinsky-2-2-prior/discussions/4,kandinsky-community/kandinsky-2-2-prior,False,128,False,no,no,no,no
91,18959,TheBloke@Llama-2-70B-GGML\discussion_1.yaml,https://huggingface.co/TheBloke/Llama-2-70B-GGML/discussions/1,TheBloke/Llama-2-70B-GGML,False,9772,False,no,no,no,no
92,20086,TheBloke@WizardCoder-15B-1.0-GGML\discussion_8.yaml,https://huggingface.co/TheBloke/WizardCoder-15B-1.0-GGML/discussions/8,TheBloke/WizardCoder-15B-1.0-GGML,False,125,False,yes,yes,yes,yes
93,10023,latent-consistency@lcm-lora-sdxl\discussion_11.yaml,https://huggingface.co/latent-consistency/lcm-lora-sdxl/discussions/11,latent-consistency/lcm-lora-sdxl,False,183,False,yes,yes,yes,yes
94,20801,tiiuae@falcon-180B-chat\discussion_10.yaml,https://huggingface.co/tiiuae/falcon-180B-chat/discussions/10,tiiuae/falcon-180B-chat,False,77,False,yes,yes,yes,yes
95,15540,ridger@SpikeGPT-BookCorpus\discussion_3.yaml,https://huggingface.co/ridger/SpikeGPT-BookCorpus/discussions/3,ridger/SpikeGPT-BookCorpus,False,113,False,yes,yes,yes,yes
96,12957,nev@dalle-mini-pytorch\discussion_1.yaml,https://huggingface.co/nev/dalle-mini-pytorch/discussions/1,nev/dalle-mini-pytorch,False,1518,False,yes,yes,yes,yes
97,20783,tiiuae@falcon-180B\discussion_12.yaml,https://huggingface.co/tiiuae/falcon-180B/discussions/12,tiiuae/falcon-180B,False,608,False,yes,yes,yes,yes
98,20137,TheBloke@WizardLM-1.0-Uncensored-Llama2-13B-GGML\discussion_1.yaml,https://huggingface.co/TheBloke/WizardLM-1.0-Uncensored-Llama2-13B-GGML/discussions/1,TheBloke/WizardLM-1.0-Uncensored-Llama2-13B-GGML,False,353,False,no,no,no,no
99,11100,MBZUAI@LaMini-GPT-1.5B\discussion_10.yaml,https://huggingface.co/MBZUAI/LaMini-GPT-1.5B/discussions/10,MBZUAI/LaMini-GPT-1.5B,False,106,False,yes,yes,yes,yes
100,608,ali-issa@my_awesome_model\discussion_1.yaml,https://huggingface.co/ali-issa/my_awesome_model/discussions/1,ali-issa/my_awesome_model,False,71,False,yes,yes,yes,yes
101,20448,thibaud@controlnet-sd21\discussion_36.yaml,https://huggingface.co/thibaud/controlnet-sd21/discussions/36,thibaud/controlnet-sd21,False,516,False,yes,yes,yes,yes
103,10527,LLukas22@gpt4all-lora-quantized-ggjt\discussion_2.yaml,https://huggingface.co/LLukas22/gpt4all-lora-quantized-ggjt/discussions/2,LLukas22/gpt4all-lora-quantized-ggjt,False,1656,False,yes,yes,yes,yes
104,3692,CompVis@stable-diffusion-v-1-4-original\discussion_95.yaml,https://huggingface.co/CompVis/stable-diffusion-v-1-4-original/discussions/95,CompVis/stable-diffusion-v-1-4-original,False,159,False,yes,yes,yes,yes
105,4685,Davlan@bert-base-multilingual-cased-ner-hrl\discussion_4.yaml,https://huggingface.co/Davlan/bert-base-multilingual-cased-ner-hrl/discussions/4,Davlan/bert-base-multilingual-cased-ner-hrl,False,279,False,yes,yes,yes,yes
106,20743,THUDM@cogvlm-grounding-generalist-hf\discussion_3.yaml,https://huggingface.co/THUDM/cogvlm-grounding-generalist-hf/discussions/3,THUDM/cogvlm-grounding-generalist-hf,False,313,False,yes,yes,yes,yes
107,5248,digiplay@m3u\discussion_6.yaml,https://huggingface.co/digiplay/m3u/discussions/6,digiplay/m3u,False,238,False,no,no,no,no
108,1740,bhenrym14@airoboros-33b-gpt4-1.4.1-PI-8192-GPTQ\discussion_2.yaml,https://huggingface.co/bhenrym14/airoboros-33b-gpt4-1.4.1-PI-8192-GPTQ/discussions/2,bhenrym14/airoboros-33b-gpt4-1.4.1-PI-8192-GPTQ,False,7411,False,yes,yes,yes,yes
109,4860,deepseek-ai@deepseek-coder-33b-instruct\discussion_4.yaml,https://huggingface.co/deepseek-ai/deepseek-coder-33b-instruct/discussions/4,deepseek-ai/deepseek-coder-33b-instruct,False,314,False,yes,yes,yes,yes
110,9447,jondurbin@airoboros-l2-7b-gpt4-1.4.1\discussion_1.yaml,https://huggingface.co/jondurbin/airoboros-l2-7b-gpt4-1.4.1/discussions/1,jondurbin/airoboros-l2-7b-gpt4-1.4.1,False,478,False,yes,yes,yes,yes
111,14003,openai@whisper-large-v2\discussion_76.yaml,https://huggingface.co/openai/whisper-large-v2/discussions/76,openai/whisper-large-v2,False,97,False,no,no,no,no
112,19127,TheBloke@Llamix2-MLewd-4x13B-GPTQ\discussion_2.yaml,https://huggingface.co/TheBloke/Llamix2-MLewd-4x13B-GPTQ/discussions/2,TheBloke/Llamix2-MLewd-4x13B-GPTQ,False,93,False,no,no,no,no
114,9945,laion@CLIP-ViT-H-14-frozen-xlm-roberta-large-laion5B-s13B-b90k\discussion_1.yaml,https://huggingface.co/laion/CLIP-ViT-H-14-frozen-xlm-roberta-large-laion5B-s13B-b90k/discussions/1,laion/CLIP-ViT-H-14-frozen-xlm-roberta-large-laion5B-s13B-b90k,False,596,False,no,no,no,no
115,17883,syaimu@7th_Layer\discussion_5.yaml,https://huggingface.co/syaimu/7th_Layer/discussions/5,syaimu/7th_Layer,False,72,False,yes,yes,yes,yes
117,270,acrastt@Marx-3B-V2\discussion_2.yaml,https://huggingface.co/acrastt/Marx-3B-V2/discussions/2,acrastt/Marx-3B-V2,False,1599,False,no,no,no,no
119,3925,coqui@XTTS-v2\discussion_27.yaml,https://huggingface.co/coqui/XTTS-v2/discussions/27,coqui/XTTS-v2,False,467,False,no,yes,no,no
120,6957,FredZhang7@google-safesearch-mini-v2\discussion_1.yaml,https://huggingface.co/FredZhang7/google-safesearch-mini-v2/discussions/1,FredZhang7/google-safesearch-mini-v2,False,1000,False,no,no,no,no
121,19805,TheBloke@Starcoderplus-Guanaco-GPT4-15B-V1.0-GGML\discussion_2.yaml,https://huggingface.co/TheBloke/Starcoderplus-Guanaco-GPT4-15B-V1.0-GGML/discussions/2,TheBloke/Starcoderplus-Guanaco-GPT4-15B-V1.0-GGML,False,1537,False,no,no,no,no
123,6450,facebook@rag-token-nq\discussion_2.yaml,https://huggingface.co/facebook/rag-token-nq/discussions/2,facebook/rag-token-nq,False,107,False,yes,yes,yes,yes
124,6237,facebook@galactica-30b\discussion_9.yaml,https://huggingface.co/facebook/galactica-30b/discussions/9,facebook/galactica-30b,False,51,False,yes,yes,yes,yes
125,20165,TheBloke@WizardLM-13B-V1.1-GGML\discussion_1.yaml,https://huggingface.co/TheBloke/WizardLM-13B-V1.1-GGML/discussions/1,TheBloke/WizardLM-13B-V1.1-GGML,False,791,False,no,no,no,no
126,22301,WarriorMama777@OrangeMixs\discussion_7.yaml,https://huggingface.co/WarriorMama777/OrangeMixs/discussions/7,WarriorMama777/OrangeMixs,False,1023,False,yes,yes,yes,yes
127,4459,darkstorm2150@Protogen_x5.8_Official_Release\discussion_13.yaml,https://huggingface.co/darkstorm2150/Protogen_x5.8_Official_Release/discussions/13,darkstorm2150/Protogen_x5.8_Official_Release,False,3533,False,no,no,no,no
128,13015,Nexusflow@NexusRaven-V2-13B\discussion_5.yaml,https://huggingface.co/Nexusflow/NexusRaven-V2-13B/discussions/5,Nexusflow/NexusRaven-V2-13B,False,301,False,no,no,no,no
129,19470,TheBloke@Nous-Hermes-Llama2-GGML\discussion_4.yaml,https://huggingface.co/TheBloke/Nous-Hermes-Llama2-GGML/discussions/4,TheBloke/Nous-Hermes-Llama2-GGML,False,310,False,yes,yes,yes,yes
130,9390,jonatasgrosman@wav2vec2-xls-r-1b-english\discussion_2.yaml,https://huggingface.co/jonatasgrosman/wav2vec2-xls-r-1b-english/discussions/2,jonatasgrosman/wav2vec2-xls-r-1b-english,False,665,False,no,yes,yes,yes
131,9451,jondurbin@airocoder-34b-2.1\discussion_1.yaml,https://huggingface.co/jondurbin/airocoder-34b-2.1/discussions/1,jondurbin/airocoder-34b-2.1,False,462,False,yes,yes,no,yes
132,5767,Edresson@wav2vec2-large-xlsr-coraa-portuguese\discussion_1.yaml,https://huggingface.co/Edresson/wav2vec2-large-xlsr-coraa-portuguese/discussions/1,Edresson/wav2vec2-large-xlsr-coraa-portuguese,False,100,False,yes,yes,yes,yes
133,13654,nvidia@segformer-b0-finetuned-ade-512-512\discussion_8.yaml,https://huggingface.co/nvidia/segformer-b0-finetuned-ade-512-512/discussions/8,nvidia/segformer-b0-finetuned-ade-512-512,False,280,False,yes,yes,yes,yes
135,2973,ckpt@midjourney-v4-diffusion\discussion_3.yaml,https://huggingface.co/ckpt/midjourney-v4-diffusion/discussions/3,ckpt/midjourney-v4-diffusion,False,99,False,yes,yes,yes,yes
136,12993,NeverSleep@Noromaid-v0.4-Mixtral-Instruct-8x7b-Zloss\discussion_3.yaml,https://huggingface.co/NeverSleep/Noromaid-v0.4-Mixtral-Instruct-8x7b-Zloss/discussions/3,NeverSleep/Noromaid-v0.4-Mixtral-Instruct-8x7b-Zloss,False,3739,False,no,no,no,no
137,9634,kalpeshk2011@rankgen-t5-xl-pg19\discussion_2.yaml,https://huggingface.co/kalpeshk2011/rankgen-t5-xl-pg19/discussions/2,kalpeshk2011/rankgen-t5-xl-pg19,False,50,False,yes,yes,yes,yes
138,5098,diffusers@stable-diffusion-xl-1.0-inpainting-0.1\discussion_11.yaml,https://huggingface.co/diffusers/stable-diffusion-xl-1.0-inpainting-0.1/discussions/11,diffusers/stable-diffusion-xl-1.0-inpainting-0.1,False,346,False,yes,no,no,no
139,21085,tiiuae@falcon-7b-instruct\discussion_68.yaml,https://huggingface.co/tiiuae/falcon-7b-instruct/discussions/68,tiiuae/falcon-7b-instruct,False,1796,False,no,no,no,no
140,9434,jondurbin@airoboros-l2-70b-2.1\discussion_2.yaml,https://huggingface.co/jondurbin/airoboros-l2-70b-2.1/discussions/2,jondurbin/airoboros-l2-70b-2.1,False,1764,False,yes,yes,yes,yes
141,6837,flax-community@t5-recipe-generation\discussion_2.yaml,https://huggingface.co/flax-community/t5-recipe-generation/discussions/2,flax-community/t5-recipe-generation,False,630,False,yes,yes,yes,yes
142,21695,ugriffo@phixtral-2x2_8-GGUF\discussion_1.yaml,https://huggingface.co/ugriffo/phixtral-2x2_8-GGUF/discussions/1,ugriffo/phixtral-2x2_8-GGUF,False,805,False,yes,yes,yes,yes
144,1875,bigcode@starcoderbase\discussion_10.yaml,https://huggingface.co/bigcode/starcoderbase/discussions/10,bigcode/starcoderbase,False,1099,False,yes,yes,yes,yes
145,19925,TheBloke@Vicuna-33B-1-3-SuperHOT-8K-GPTQ\discussion_1.yaml,https://huggingface.co/TheBloke/Vicuna-33B-1-3-SuperHOT-8K-GPTQ/discussions/1,TheBloke/Vicuna-33B-1-3-SuperHOT-8K-GPTQ,False,406,False,no,no,no,no
146,8836,iniyaanban@realtime-attendance-software\discussion_1.yaml,https://huggingface.co/iniyaanban/realtime-attendance-software/discussions/1,iniyaanban/realtime-attendance-software,False,721,False,yes,no,no,no
147,20184,TheBloke@WizardLM-30B-Uncensored-GGML\discussion_4.yaml,https://huggingface.co/TheBloke/WizardLM-30B-Uncensored-GGML/discussions/4,TheBloke/WizardLM-30B-Uncensored-GGML,False,189,False,no,no,no,no
148,13042,nferruz@ProtGPT2\discussion_3.yaml,https://huggingface.co/nferruz/ProtGPT2/discussions/3,nferruz/ProtGPT2,False,2210,False,yes,yes,yes,yes
149,16486,segmind@SSD-1B\discussion_38.yaml,https://huggingface.co/segmind/SSD-1B/discussions/38,segmind/SSD-1B,False,169,False,yes,yes,yes,yes
150,17763,strangeman3107@animov-0.1.1\discussion_4.yaml,https://huggingface.co/strangeman3107/animov-0.1.1/discussions/4,strangeman3107/animov-0.1.1,False,168,False,no,no,no,no
151,10588,lmsys@vicuna-33b-v1.3\discussion_3.yaml,https://huggingface.co/lmsys/vicuna-33b-v1.3/discussions/3,lmsys/vicuna-33b-v1.3,False,255,False,yes,yes,yes,yes
152,14818,PiyarSquare@sd_asim_simpsons\discussion_3.yaml,https://huggingface.co/PiyarSquare/sd_asim_simpsons/discussions/3,PiyarSquare/sd_asim_simpsons,False,165,False,yes,yes,yes,yes
153,9895,ku-nlp@deberta-v2-base-japanese\discussion_1.yaml,https://huggingface.co/ku-nlp/deberta-v2-base-japanese/discussions/1,ku-nlp/deberta-v2-base-japanese,False,373,False,yes,yes,yes,yes
156,18737,TheBloke@guanaco-7B-GGML\discussion_3.yaml,https://huggingface.co/TheBloke/guanaco-7B-GGML/discussions/3,TheBloke/guanaco-7B-GGML,False,3641,False,no,yes,yes,yes
157,21041,tiiuae@falcon-7b-instruct\discussion_15.yaml,https://huggingface.co/tiiuae/falcon-7b-instruct/discussions/15,tiiuae/falcon-7b-instruct,False,323,False,yes,yes,yes,yes
159,16424,SeaLLMs@SeaLLM-7B-Hybrid\discussion_1.yaml,https://huggingface.co/SeaLLMs/SeaLLM-7B-Hybrid/discussions/1,SeaLLMs/SeaLLM-7B-Hybrid,False,2153,False,yes,yes,yes,yes
160,12069,mistralai@Mixtral-8x7B-Instruct-v0.1\discussion_94.yaml,https://huggingface.co/mistralai/Mixtral-8x7B-Instruct-v0.1/discussions/94,mistralai/Mixtral-8x7B-Instruct-v0.1,False,661,False,yes,yes,yes,yes
161,13547,NovelAI@genji-jp\discussion_2.yaml,https://huggingface.co/NovelAI/genji-jp/discussions/2,NovelAI/genji-jp,False,417,False,no,no,no,no
162,3214,cognitivecomputations@dolphin-2.2-mistral-7b\discussion_1.yaml,https://huggingface.co/cognitivecomputations/dolphin-2.2-mistral-7b/discussions/1,cognitivecomputations/dolphin-2.2-mistral-7b,False,24742,False,yes,yes,no,yes
164,14924,projecte-aina@aguila-7b\discussion_1.yaml,https://huggingface.co/projecte-aina/aguila-7b/discussions/1,projecte-aina/aguila-7b,False,10885,False,no,no,no,no
165,965,anon8231489123@vicuna-13b-GPTQ-4bit-128g\discussion_51.yaml,https://huggingface.co/anon8231489123/vicuna-13b-GPTQ-4bit-128g/discussions/51,anon8231489123/vicuna-13b-GPTQ-4bit-128g,False,353,False,no,no,no,no
166,21611,tuner007@pegasus_paraphrase\discussion_12.yaml,https://huggingface.co/tuner007/pegasus_paraphrase/discussions/12,tuner007/pegasus_paraphrase,False,75,False,yes,yes,yes,yes
167,7252,google@flan-t5-xl\discussion_14.yaml,https://huggingface.co/google/flan-t5-xl/discussions/14,google/flan-t5-xl,False,5751,False,yes,yes,yes,yes
169,16650,SG161222@Realistic_Vision_V1.4\discussion_7.yaml,https://huggingface.co/SG161222/Realistic_Vision_V1.4/discussions/7,SG161222/Realistic_Vision_V1.4,False,7768,False,yes,yes,no,yes
170,18259,TheBloke@airoboros-l2-70B-gpt4-1.4.1-GPTQ\discussion_3.yaml,https://huggingface.co/TheBloke/airoboros-l2-70B-gpt4-1.4.1-GPTQ/discussions/3,TheBloke/airoboros-l2-70B-gpt4-1.4.1-GPTQ,False,96,False,yes,yes,yes,yes
171,19151,TheBloke@LongChat-7B-GGML\discussion_1.yaml,https://huggingface.co/TheBloke/LongChat-7B-GGML/discussions/1,TheBloke/LongChat-7B-GGML,False,828,False,no,no,no,no
172,4263,ctheodoris@Geneformer\discussion_59.yaml,https://huggingface.co/ctheodoris/Geneformer/discussions/59,ctheodoris/Geneformer,False,1458,False,yes,yes,yes,yes
173,9241,jinaai@jina-embedding-l-en-v1\discussion_3.yaml,https://huggingface.co/jinaai/jina-embedding-l-en-v1/discussions/3,jinaai/jina-embedding-l-en-v1,False,993,False,no,yes,yes,yes
174,3768,CompVis@stable-diffusion-v1-4\discussion_19.yaml,https://huggingface.co/CompVis/stable-diffusion-v1-4/discussions/19,CompVis/stable-diffusion-v1-4,False,889,False,yes,yes,yes,yes
175,20181,TheBloke@WizardLM-30B-Uncensored-GGML\discussion_1.yaml,https://huggingface.co/TheBloke/WizardLM-30B-Uncensored-GGML/discussions/1,TheBloke/WizardLM-30B-Uncensored-GGML,False,1883,False,yes,yes,yes,yes
176,1512,balacoon@tts\discussion_8.yaml,https://huggingface.co/balacoon/tts/discussions/8,balacoon/tts,False,1825,False,yes,yes,yes,yes
177,142,22h@vintedois-diffusion-v0-1\discussion_13.yaml,https://huggingface.co/22h/vintedois-diffusion-v0-1/discussions/13,22h/vintedois-diffusion-v0-1,False,98,False,no,no,no,no
178,6113,facebook@bart-large-mnli\discussion_1.yaml,https://huggingface.co/facebook/bart-large-mnli/discussions/1,facebook/bart-large-mnli,False,2073,False,yes,yes,yes,yes
179,15027,proximasanfinetuning@fantassified_icons_v2\discussion_4.yaml,https://huggingface.co/proximasanfinetuning/fantassified_icons_v2/discussions/4,proximasanfinetuning/fantassified_icons_v2,False,723,False,yes,yes,no,yes
182,19934,TheBloke@vicuna-7B-1.1-GPTQ\discussion_5.yaml,https://huggingface.co/TheBloke/vicuna-7B-1.1-GPTQ/discussions/5,TheBloke/vicuna-7B-1.1-GPTQ,False,5385,False,no,no,no,no
184,10510,llmware@bling-sheared-llama-2.7b-0.1\discussion_1.yaml,https://huggingface.co/llmware/bling-sheared-llama-2.7b-0.1/discussions/1,llmware/bling-sheared-llama-2.7b-0.1,False,1791,False,yes,yes,yes,yes
185,1165,Astris@Furry-AO3-LoRA\discussion_1.yaml,https://huggingface.co/Astris/Furry-AO3-LoRA/discussions/1,Astris/Furry-AO3-LoRA,False,898,False,yes,yes,yes,yes
186,20814,tiiuae@falcon-40b\discussion_103.yaml,https://huggingface.co/tiiuae/falcon-40b/discussions/103,tiiuae/falcon-40b,False,3470,False,yes,yes,yes,yes
187,17375,stabilityai@stable-diffusion-x4-upscaler\discussion_8.yaml,https://huggingface.co/stabilityai/stable-diffusion-x4-upscaler/discussions/8,stabilityai/stable-diffusion-x4-upscaler,False,1604,False,yes,no,yes,yes
188,5226,digiplay@kencanmix_v1.5\discussion_2.yaml,https://huggingface.co/digiplay/kencanmix_v1.5/discussions/2,digiplay/kencanmix_v1.5,False,112,False,no,no,no,no
189,515,Airic@Anything-V4.5\discussion_2.yaml,https://huggingface.co/Airic/Anything-V4.5/discussions/2,Airic/Anything-V4.5,False,79,False,yes,yes,yes,yes
190,334,adept@fuyu-8b\discussion_46.yaml,https://huggingface.co/adept/fuyu-8b/discussions/46,adept/fuyu-8b,False,7253,False,yes,yes,yes,yes
191,22088,vihangd@open_llama_7b_700bt_ggml\discussion_2.yaml,https://huggingface.co/vihangd/open_llama_7b_700bt_ggml/discussions/2,vihangd/open_llama_7b_700bt_ggml,False,528,False,yes,yes,yes,yes
192,12529,mosaicml@mpt-7b\discussion_66.yaml,https://huggingface.co/mosaicml/mpt-7b/discussions/66,mosaicml/mpt-7b,False,3274,False,no,no,no,no
193,3633,CompVis@stable-diffusion-v-1-4-original\discussion_38.yaml,https://huggingface.co/CompVis/stable-diffusion-v-1-4-original/discussions/38,CompVis/stable-diffusion-v-1-4-original,False,675,False,no,no,no,no
194,14776,Phind@Phind-CodeLlama-34B-v2\discussion_6.yaml,https://huggingface.co/Phind/Phind-CodeLlama-34B-v2/discussions/6,Phind/Phind-CodeLlama-34B-v2,False,388,False,yes,yes,yes,yes
195,944,anon8231489123@vicuna-13b-GPTQ-4bit-128g\discussion_32.yaml,https://huggingface.co/anon8231489123/vicuna-13b-GPTQ-4bit-128g/discussions/32,anon8231489123/vicuna-13b-GPTQ-4bit-128g,False,5758,False,yes,yes,yes,yes
196,4442,darkstorm2150@Protogen_Infinity_Official_Release\discussion_7.yaml,https://huggingface.co/darkstorm2150/Protogen_Infinity_Official_Release/discussions/7,darkstorm2150/Protogen_Infinity_Official_Release,False,5682,False,no,yes,no,no
197,6798,FlagAlpha@Llama2-Chinese-13b-Chat\discussion_5.yaml,https://huggingface.co/FlagAlpha/Llama2-Chinese-13b-Chat/discussions/5,FlagAlpha/Llama2-Chinese-13b-Chat,False,88,False,yes,yes,yes,yes
198,10378,lllyasviel@ControlNet\discussion_34.yaml,https://huggingface.co/lllyasviel/ControlNet/discussions/34,lllyasviel/ControlNet,False,66,False,no,no,no,no
199,10602,lmsys@vicuna-7b-v1.1\discussion_6.yaml,https://huggingface.co/lmsys/vicuna-7b-v1.1/discussions/6,lmsys/vicuna-7b-v1.1,False,230,False,yes,yes,yes,yes
200,4649,davanstrien@autotrain-encyclopedia_britannica\discussion_1.yaml,https://huggingface.co/davanstrien/autotrain-encyclopedia_britannica/discussions/1,davanstrien/autotrain-encyclopedia_britannica,False,769,False,no,no,no,no
201,11173,mesolitica@translation-t5-base-standard-bahasa-cased\discussion_1.yaml,https://huggingface.co/mesolitica/translation-t5-base-standard-bahasa-cased/discussions/1,mesolitica/translation-t5-base-standard-bahasa-cased,False,98,False,yes,yes,yes,yes
202,21400,togethercomputer@RedPajama-INCITE-7B-Base\discussion_6.yaml,https://huggingface.co/togethercomputer/RedPajama-INCITE-7B-Base/discussions/6,togethercomputer/RedPajama-INCITE-7B-Base,False,176,False,yes,yes,yes,yes
204,21316,togethercomputer@GPT-JT-6B-v1\discussion_17.yaml,https://huggingface.co/togethercomputer/GPT-JT-6B-v1/discussions/17,togethercomputer/GPT-JT-6B-v1,False,2842,False,yes,yes,yes,yes
205,17842,suxnet@ICBINP\discussion_1.yaml,https://huggingface.co/suxnet/ICBINP/discussions/1,suxnet/ICBINP,False,412,False,yes,yes,yes,yes
206,9723,keras-io@structured-data-classification-grn-vsn\discussion_1.yaml,https://huggingface.co/keras-io/structured-data-classification-grn-vsn/discussions/1,keras-io/structured-data-classification-grn-vsn,False,524,False,yes,yes,yes,yes
207,17543,stabilityai@stable-diffusion-xl-refiner-1.0\discussion_18.yaml,https://huggingface.co/stabilityai/stable-diffusion-xl-refiner-1.0/discussions/18,stabilityai/stable-diffusion-xl-refiner-1.0,False,2894,False,yes,yes,yes,yes
208,15266,Qwen@Qwen-72B-Chat-Int4\discussion_1.yaml,https://huggingface.co/Qwen/Qwen-72B-Chat-Int4/discussions/1,Qwen/Qwen-72B-Chat-Int4,False,226,False,no,no,no,no
210,19835,TheBloke@Synthia-MoE-v3-Mixtral-8x7B-GPTQ\discussion_2.yaml,https://huggingface.co/TheBloke/Synthia-MoE-v3-Mixtral-8x7B-GPTQ/discussions/2,TheBloke/Synthia-MoE-v3-Mixtral-8x7B-GPTQ,False,692,False,yes,yes,yes,yes
211,11263,michaelfeil@ct2fast-Llama-2-7b-chat-hf\discussion_2.yaml,https://huggingface.co/michaelfeil/ct2fast-Llama-2-7b-chat-hf/discussions/2,michaelfeil/ct2fast-Llama-2-7b-chat-hf,False,1866,False,yes,yes,yes,yes
212,15473,relaxml@Llama-2-13b-E8P-2Bit\discussion_2.yaml,https://huggingface.co/relaxml/Llama-2-13b-E8P-2Bit/discussions/2,relaxml/Llama-2-13b-E8P-2Bit,False,416,False,no,no,no,no
213,21222,TinyLlama@TinyLlama-1.1B-Chat-v1.0\discussion_9.yaml,https://huggingface.co/TinyLlama/TinyLlama-1.1B-Chat-v1.0/discussions/9,TinyLlama/TinyLlama-1.1B-Chat-v1.0,False,80,False,yes,yes,yes,yes
214,14728,philschmid@layoutlm-funsd\discussion_1.yaml,https://huggingface.co/philschmid/layoutlm-funsd/discussions/1,philschmid/layoutlm-funsd,False,455,False,no,no,yes,no
215,4723,ddh0@Norocetacean-20b-10k\discussion_2.yaml,https://huggingface.co/ddh0/Norocetacean-20b-10k/discussions/2,ddh0/Norocetacean-20b-10k,False,754,False,yes,yes,no,yes
216,9737,keremberke@yolov8s-table-extraction\discussion_3.yaml,https://huggingface.co/keremberke/yolov8s-table-extraction/discussions/3,keremberke/yolov8s-table-extraction,False,167,False,yes,yes,yes,yes
217,1855,bigcode@starcoder\discussion_79.yaml,https://huggingface.co/bigcode/starcoder/discussions/79,bigcode/starcoder,False,676,False,yes,yes,yes,yes
218,8146,hkunlp@instructor-xl\discussion_8.yaml,https://huggingface.co/hkunlp/instructor-xl/discussions/8,hkunlp/instructor-xl,False,724,False,yes,yes,yes,yes
219,9608,kaiokendev@SuperCOT-LoRA\discussion_1.yaml,https://huggingface.co/kaiokendev/SuperCOT-LoRA/discussions/1,kaiokendev/SuperCOT-LoRA,False,950,False,yes,yes,yes,yes
220,21470,Tonic@mistralmed\discussion_4.yaml,https://huggingface.co/Tonic/mistralmed/discussions/4,Tonic/mistralmed,False,1072,False,yes,yes,yes,yes
223,6867,FlyHigh1@Bettergun\discussion_1.yaml,https://huggingface.co/FlyHigh1/Bettergun/discussions/1,FlyHigh1/Bettergun,False,336,False,yes,yes,no,yes
224,6052,ethzanalytics@RedPajama-INCITE-Chat-3B-v1-GPTQ-4bit-128g\discussion_1.yaml,https://huggingface.co/ethzanalytics/RedPajama-INCITE-Chat-3B-v1-GPTQ-4bit-128g/discussions/1,ethzanalytics/RedPajama-INCITE-Chat-3B-v1-GPTQ-4bit-128g,False,803,False,no,no,no,no
226,10806,lxyuan@span-marker-bert-base-multilingual-cased-multinerd\discussion_1.yaml,https://huggingface.co/lxyuan/span-marker-bert-base-multilingual-cased-multinerd/discussions/1,lxyuan/span-marker-bert-base-multilingual-cased-multinerd,False,8716,False,no,no,no,no
228,20804,tiiuae@falcon-180B-chat\discussion_13.yaml,https://huggingface.co/tiiuae/falcon-180B-chat/discussions/13,tiiuae/falcon-180B-chat,False,579,False,no,no,no,no
229,16699,ShadoWxShinigamI@MidJourney-PaperCut\discussion_7.yaml,https://huggingface.co/ShadoWxShinigamI/MidJourney-PaperCut/discussions/7,ShadoWxShinigamI/MidJourney-PaperCut,False,195,False,yes,yes,yes,yes
230,13582,nuigurumi@basil_mix\discussion_23.yaml,https://huggingface.co/nuigurumi/basil_mix/discussions/23,nuigurumi/basil_mix,False,2208,False,yes,yes,yes,yes
231,19384,TheBloke@MPT-7B-Storywriter-GGML\discussion_5.yaml,https://huggingface.co/TheBloke/MPT-7B-Storywriter-GGML/discussions/5,TheBloke/MPT-7B-Storywriter-GGML,False,360,False,yes,yes,yes,yes
232,11800,mishima@WinterGoddess-1.4x-limarpv3-70B-L2-32k.GGUF\discussion_1.yaml,https://huggingface.co/mishima/WinterGoddess-1.4x-limarpv3-70B-L2-32k.GGUF/discussions/1,mishima/WinterGoddess-1.4x-limarpv3-70B-L2-32k.GGUF,False,90,False,yes,yes,yes,yes
233,4000,coreml-community@coreml-ModernArtStyle-v10\discussion_1.yaml,https://huggingface.co/coreml-community/coreml-ModernArtStyle-v10/discussions/1,coreml-community/coreml-ModernArtStyle-v10,False,249,False,yes,yes,yes,yes
235,17917,t5-base\discussion_14.yaml,https://huggingface.co/t5-base/discussions/14,t5-base,False,388,False,no,yes,yes,yes
236,1820,bigcode@starcoder\discussion_43.yaml,https://huggingface.co/bigcode/starcoder/discussions/43,bigcode/starcoder,False,458,False,yes,yes,yes,yes
237,16518,sensenova@piccolo-base-zh\discussion_1.yaml,https://huggingface.co/sensenova/piccolo-base-zh/discussions/1,sensenova/piccolo-base-zh,False,389,False,yes,yes,yes,yes
238,15719,runwayml@stable-diffusion-v1-5\discussion_128.yaml,https://huggingface.co/runwayml/stable-diffusion-v1-5/discussions/128,runwayml/stable-diffusion-v1-5,False,690,False,yes,yes,yes,yes
240,3123,codellama@CodeLlama-34b-Instruct-hf\discussion_23.yaml,https://huggingface.co/codellama/CodeLlama-34b-Instruct-hf/discussions/23,codellama/CodeLlama-34b-Instruct-hf,False,1532,False,no,no,no,no
241,7983,Helsinki-NLP@opus-mt-ROMANCE-en\discussion_3.yaml,https://huggingface.co/Helsinki-NLP/opus-mt-ROMANCE-en/discussions/3,Helsinki-NLP/opus-mt-ROMANCE-en,False,573,False,yes,yes,yes,yes
242,2697,cerspense@zeroscope_v2_XL\discussion_11.yaml,https://huggingface.co/cerspense/zeroscope_v2_XL/discussions/11,cerspense/zeroscope_v2_XL,False,2168,False,yes,yes,yes,yes
243,10429,lllyasviel@ControlNet-v1-1\discussion_80.yaml,https://huggingface.co/lllyasviel/ControlNet-v1-1/discussions/80,lllyasviel/ControlNet-v1-1,False,158,False,no,no,no,no
244,21995,valhalla@sdxl-inpaint-ema\discussion_1.yaml,https://huggingface.co/valhalla/sdxl-inpaint-ema/discussions/1,valhalla/sdxl-inpaint-ema,False,1518,False,no,yes,yes,yes
245,3233,cognitivecomputations@dolphin-2.5-mixtral-8x7b\discussion_10.yaml,https://huggingface.co/cognitivecomputations/dolphin-2.5-mixtral-8x7b/discussions/10,cognitivecomputations/dolphin-2.5-mixtral-8x7b,False,319,False,yes,yes,yes,yes
247,18053,TehVenom@Pygmalion-Vicuna-1.1-7b\discussion_5.yaml,https://huggingface.co/TehVenom/Pygmalion-Vicuna-1.1-7b/discussions/5,TehVenom/Pygmalion-Vicuna-1.1-7b,False,563,False,yes,no,yes,yes
248,1105,artificialguybr@OpenHermesV2-PTBR\discussion_2.yaml,https://huggingface.co/artificialguybr/OpenHermesV2-PTBR/discussions/2,artificialguybr/OpenHermesV2-PTBR,False,87,False,yes,yes,yes,yes
249,1592,benjamin@roberta-base-wechsel-german\discussion_1.yaml,https://huggingface.co/benjamin/roberta-base-wechsel-german/discussions/1,benjamin/roberta-base-wechsel-german,False,2770,False,yes,yes,yes,yes
250,14474,osanseviero@my-awesome-model\discussion_3.yaml,https://huggingface.co/osanseviero/my-awesome-model/discussions/3,osanseviero/my-awesome-model,False,231,False,no,no,no,no
251,11483,microsoft@phi-1_5\discussion_55.yaml,https://huggingface.co/microsoft/phi-1_5/discussions/55,microsoft/phi-1_5,False,1144,False,yes,yes,yes,yes
252,12885,ndubey@llama-2-7b-mlabonne-enhanced\discussion_2.yaml,https://huggingface.co/ndubey/llama-2-7b-mlabonne-enhanced/discussions/2,ndubey/llama-2-7b-mlabonne-enhanced,False,190,False,yes,yes,yes,yes
253,16458,segmind@SSD-1B\discussion_10.yaml,https://huggingface.co/segmind/SSD-1B/discussions/10,segmind/SSD-1B,False,1129,False,yes,yes,yes,yes
254,20002,TheBloke@Wizard-Vicuna-13B-Uncensored-GPTQ\discussion_10.yaml,https://huggingface.co/TheBloke/Wizard-Vicuna-13B-Uncensored-GPTQ/discussions/10,TheBloke/Wizard-Vicuna-13B-Uncensored-GPTQ,False,3863,False,yes,yes,yes,yes
256,23088,zaq-hack@Noromaid-v0.4-Mixtral-Instruct-8x7b-Zloss-bpw300-h6-exl2\discussion_2.yaml,https://huggingface.co/zaq-hack/Noromaid-v0.4-Mixtral-Instruct-8x7b-Zloss-bpw300-h6-exl2/discussions/2,zaq-hack/Noromaid-v0.4-Mixtral-Instruct-8x7b-Zloss-bpw300-h6-exl2,False,694,False,yes,yes,yes,yes
257,12405,moonlightnexus@wonder-anime\discussion_1.yaml,https://huggingface.co/moonlightnexus/wonder-anime/discussions/1,moonlightnexus/wonder-anime,False,73,False,yes,yes,yes,yes
258,18593,TheBloke@Falcon-7B-Instruct-GPTQ\discussion_19.yaml,https://huggingface.co/TheBloke/Falcon-7B-Instruct-GPTQ/discussions/19,TheBloke/Falcon-7B-Instruct-GPTQ,False,3816,False,no,no,no,no
259,289,AdamOswald1@test\discussion_3.yaml,https://huggingface.co/AdamOswald1/test/discussions/3,AdamOswald1/test,False,160,False,no,no,no,no
260,8649,IDEA-CCNL@Ziya-LLaMA-13B-v1\discussion_26.yaml,https://huggingface.co/IDEA-CCNL/Ziya-LLaMA-13B-v1/discussions/26,IDEA-CCNL/Ziya-LLaMA-13B-v1,False,453,False,no,no,no,no
261,5990,EnToRai@Yugi-Muto-DSOD\discussion_1.yaml,https://huggingface.co/EnToRai/Yugi-Muto-DSOD/discussions/1,EnToRai/Yugi-Muto-DSOD,False,68,False,yes,yes,yes,yes
262,955,anon8231489123@vicuna-13b-GPTQ-4bit-128g\discussion_42.yaml,https://huggingface.co/anon8231489123/vicuna-13b-GPTQ-4bit-128g/discussions/42,anon8231489123/vicuna-13b-GPTQ-4bit-128g,False,2469,False,yes,yes,yes,yes
263,11471,microsoft@phi-1_5\discussion_39.yaml,https://huggingface.co/microsoft/phi-1_5/discussions/39,microsoft/phi-1_5,False,890,False,yes,yes,yes,yes
265,3360,cognitivecomputations@WizardLM-13B-Uncensored\discussion_2.yaml,https://huggingface.co/cognitivecomputations/WizardLM-13B-Uncensored/discussions/2,cognitivecomputations/WizardLM-13B-Uncensored,False,1853,False,no,no,no,no
266,14498,p1atdev@pvc-v3\discussion_1.yaml,https://huggingface.co/p1atdev/pvc-v3/discussions/1,p1atdev/pvc-v3,False,558,False,yes,yes,yes,yes
267,15036,psyberm@90sAnimeLoRA\discussion_1.yaml,https://huggingface.co/psyberm/90sAnimeLoRA/discussions/1,psyberm/90sAnimeLoRA,False,93,False,no,no,no,no
268,17736,starmpcc@Asclepius-13B\discussion_1.yaml,https://huggingface.co/starmpcc/Asclepius-13B/discussions/1,starmpcc/Asclepius-13B,False,705,False,yes,yes,yes,yes
270,16687,SG161222@RealVisXL_V3.0\discussion_2.yaml,https://huggingface.co/SG161222/RealVisXL_V3.0/discussions/2,SG161222/RealVisXL_V3.0,False,216,False,yes,yes,yes,yes
271,3143,codellama@CodeLlama-7b-Instruct-hf\discussion_13.yaml,https://huggingface.co/codellama/CodeLlama-7b-Instruct-hf/discussions/13,codellama/CodeLlama-7b-Instruct-hf,False,1600,False,no,no,no,no
272,17959,taozi555@MythoMax-Kimiko-Mix\discussion_1.yaml,https://huggingface.co/taozi555/MythoMax-Kimiko-Mix/discussions/1,taozi555/MythoMax-Kimiko-Mix,False,131,False,yes,yes,yes,yes
275,12675,mrm8488@bloom-560m-ft-summarization-cnn\discussion_2.yaml,https://huggingface.co/mrm8488/bloom-560m-ft-summarization-cnn/discussions/2,mrm8488/bloom-560m-ft-summarization-cnn,False,53,False,yes,yes,yes,yes
276,13664,nvidia@stt_fr_conformer_transducer_large\discussion_1.yaml,https://huggingface.co/nvidia/stt_fr_conformer_transducer_large/discussions/1,nvidia/stt_fr_conformer_transducer_large,False,1084,False,yes,yes,yes,yes
277,17388,stabilityai@stable-diffusion-xl-base-0.9\discussion_12.yaml,https://huggingface.co/stabilityai/stable-diffusion-xl-base-0.9/discussions/12,stabilityai/stable-diffusion-xl-base-0.9,False,951,False,no,no,no,no
278,13694,OedoSoldier@Bert-VITS2-2.2-CLAP\discussion_1.yaml,https://huggingface.co/OedoSoldier/Bert-VITS2-2.2-CLAP/discussions/1,OedoSoldier/Bert-VITS2-2.2-CLAP,False,1113,False,no,no,no,no
279,14610,patrickvonplaten@t5-tiny-random\discussion_3.yaml,https://huggingface.co/patrickvonplaten/t5-tiny-random/discussions/3,patrickvonplaten/t5-tiny-random,False,7547,False,no,no,no,no
280,9999,Langboat@mengzi-gpt-neo-base\discussion_2.yaml,https://huggingface.co/Langboat/mengzi-gpt-neo-base/discussions/2,Langboat/mengzi-gpt-neo-base,False,119,False,yes,yes,yes,yes
281,21519,Trelis@Llama-2-7b-chat-hf-function-calling-v2\discussion_2.yaml,https://huggingface.co/Trelis/Llama-2-7b-chat-hf-function-calling-v2/discussions/2,Trelis/Llama-2-7b-chat-hf-function-calling-v2,False,836,False,no,no,no,no
282,20092,TheBloke@WizardCoder-15B-1.0-GPTQ\discussion_14.yaml,https://huggingface.co/TheBloke/WizardCoder-15B-1.0-GPTQ/discussions/14,TheBloke/WizardCoder-15B-1.0-GPTQ,False,106,False,yes,yes,yes,yes
283,1708,bertin-project@bertin-alpaca-lora-7b\discussion_1.yaml,https://huggingface.co/bertin-project/bertin-alpaca-lora-7b/discussions/1,bertin-project/bertin-alpaca-lora-7b,False,3315,False,no,no,no,no
284,21678,udkai@Turdus\discussion_4.yaml,https://huggingface.co/udkai/Turdus/discussions/4,udkai/Turdus,False,2220,False,no,no,no,no
285,15991,Salesforce@blip2-opt-2.7b\discussion_17.yaml,https://huggingface.co/Salesforce/blip2-opt-2.7b/discussions/17,Salesforce/blip2-opt-2.7b,False,1598,False,no,no,no,no
286,19656,TheBloke@Rogue-Rose-103b-v0.2-GGUF\discussion_1.yaml,https://huggingface.co/TheBloke/Rogue-Rose-103b-v0.2-GGUF/discussions/1,TheBloke/Rogue-Rose-103b-v0.2-GGUF,False,191,False,no,yes,yes,yes
287,1792,bigcode@starcoder\discussion_102.yaml,https://huggingface.co/bigcode/starcoder/discussions/102,bigcode/starcoder,False,97,False,yes,yes,yes,yes
288,21114,tiiuae@falcon-rw-1b\discussion_8.yaml,https://huggingface.co/tiiuae/falcon-rw-1b/discussions/8,tiiuae/falcon-rw-1b,False,338,False,yes,yes,yes,yes
290,383,afrideva@MiniChat-3B-GGUF\discussion_2.yaml,https://huggingface.co/afrideva/MiniChat-3B-GGUF/discussions/2,afrideva/MiniChat-3B-GGUF,False,64,False,no,no,no,no
291,16157,sanchit-gandhi@whisper-medium-fleurs-lang-id\discussion_4.yaml,https://huggingface.co/sanchit-gandhi/whisper-medium-fleurs-lang-id/discussions/4,sanchit-gandhi/whisper-medium-fleurs-lang-id,False,8197,False,yes,yes,yes,yes
293,19021,TheBloke@Llama-2-7B-Chat-GGML\discussion_37.yaml,https://huggingface.co/TheBloke/Llama-2-7B-Chat-GGML/discussions/37,TheBloke/Llama-2-7B-Chat-GGML,False,1622,False,no,yes,yes,yes
294,19064,TheBloke@Llama-2-7B-Chat-GPTQ\discussion_29.yaml,https://huggingface.co/TheBloke/Llama-2-7B-Chat-GPTQ/discussions/29,TheBloke/Llama-2-7B-Chat-GPTQ,False,211,False,yes,yes,yes,yes
295,14057,openai@whisper-large-v3\discussion_60.yaml,https://huggingface.co/openai/whisper-large-v3/discussions/60,openai/whisper-large-v3,False,3216,False,yes,yes,yes,yes
296,4635,databricks@dolly-v2-7b\discussion_5.yaml,https://huggingface.co/databricks/dolly-v2-7b/discussions/5,databricks/dolly-v2-7b,False,681,False,yes,yes,yes,yes
297,7510,gpt2\discussion_75.yaml,https://huggingface.co/gpt2/discussions/75,gpt2,False,648,False,yes,yes,yes,yes
298,12938,NEUDM@PICA-V1\discussion_1.yaml,https://huggingface.co/NEUDM/PICA-V1/discussions/1,NEUDM/PICA-V1,False,300,False,yes,yes,yes,yes
299,17986,tatsu-lab@alpaca-farm-ppo-sim-wdiff\discussion_1.yaml,https://huggingface.co/tatsu-lab/alpaca-farm-ppo-sim-wdiff/discussions/1,tatsu-lab/alpaca-farm-ppo-sim-wdiff,False,519,False,yes,yes,yes,yes
300,14130,OpenAssistant@oasst-rlhf-2-llama-30b-7k-steps-xor\discussion_2.yaml,https://huggingface.co/OpenAssistant/oasst-rlhf-2-llama-30b-7k-steps-xor/discussions/2,OpenAssistant/oasst-rlhf-2-llama-30b-7k-steps-xor,False,1367,False,yes,yes,yes,yes
301,1753,bibekbehera@autotrain-numeric_prediction-40376105019\discussion_1.yaml,https://huggingface.co/bibekbehera/autotrain-numeric_prediction-40376105019/discussions/1,bibekbehera/autotrain-numeric_prediction-40376105019,False,184,False,yes,yes,yes,yes
302,7262,google@flan-t5-xl\discussion_25.yaml,https://huggingface.co/google/flan-t5-xl/discussions/25,google/flan-t5-xl,False,1597,False,no,no,no,no
303,1707,BertChristiaens@controlnet-seg-room\discussion_5.yaml,https://huggingface.co/BertChristiaens/controlnet-seg-room/discussions/5,BertChristiaens/controlnet-seg-room,False,120,False,yes,yes,yes,yes
304,12785,Nacholmo@controlnet-qr-pattern-sdxl\discussion_1.yaml,https://huggingface.co/Nacholmo/controlnet-qr-pattern-sdxl/discussions/1,Nacholmo/controlnet-qr-pattern-sdxl,False,357,False,yes,yes,yes,yes
305,20174,TheBloke@WizardLM-13B-V1.2-GPTQ\discussion_1.yaml,https://huggingface.co/TheBloke/WizardLM-13B-V1.2-GPTQ/discussions/1,TheBloke/WizardLM-13B-V1.2-GPTQ,False,14769,False,yes,yes,yes,yes
307,22311,WarriorMama777@OrangeMixs\discussion_81.yaml,https://huggingface.co/WarriorMama777/OrangeMixs/discussions/81,WarriorMama777/OrangeMixs,False,1715,False,yes,yes,yes,yes
308,14266,openbmb@UltraLM-13b\discussion_1.yaml,https://huggingface.co/openbmb/UltraLM-13b/discussions/1,openbmb/UltraLM-13b,False,2916,False,no,no,no,no
309,1862,bigcode@starcoder\discussion_87.yaml,https://huggingface.co/bigcode/starcoder/discussions/87,bigcode/starcoder,False,818,False,yes,yes,yes,yes
310,15500,replit@replit-code-v1-3b\discussion_6.yaml,https://huggingface.co/replit/replit-code-v1-3b/discussions/6,replit/replit-code-v1-3b,False,1800,False,yes,no,no,no
311,12773,mys@ggml_llava-v1.5-7b\discussion_1.yaml,https://huggingface.co/mys/ggml_llava-v1.5-7b/discussions/1,mys/ggml_llava-v1.5-7b,False,87,False,no,no,no,no
312,8204,huawei-noah@DynaBERT_MNLI\discussion_1.yaml,https://huggingface.co/huawei-noah/DynaBERT_MNLI/discussions/1,huawei-noah/DynaBERT_MNLI,False,634,False,yes,yes,yes,yes
313,11943,mistralai@Mistral-7B-v0.1\discussion_4.yaml,https://huggingface.co/mistralai/Mistral-7B-v0.1/discussions/4,mistralai/Mistral-7B-v0.1,False,941,False,yes,yes,yes,yes
314,15521,rhysjones@HelixNet-LMoE-Actor\discussion_1.yaml,https://huggingface.co/rhysjones/HelixNet-LMoE-Actor/discussions/1,rhysjones/HelixNet-LMoE-Actor,False,797,False,yes,yes,yes,yes
315,21825,Undi95@ReMM-L2-13B-v1\discussion_1.yaml,https://huggingface.co/Undi95/ReMM-L2-13B-v1/discussions/1,Undi95/ReMM-L2-13B-v1,False,325,False,yes,yes,yes,yes
316,16280,sayakpaul@sd-model-finetuned-lora-t4\discussion_1.yaml,https://huggingface.co/sayakpaul/sd-model-finetuned-lora-t4/discussions/1,sayakpaul/sd-model-finetuned-lora-t4,False,334,False,yes,yes,yes,yes
317,18293,TheBloke@Amethyst-13B-Mistral-GGUF\discussion_1.yaml,https://huggingface.co/TheBloke/Amethyst-13B-Mistral-GGUF/discussions/1,TheBloke/Amethyst-13B-Mistral-GGUF,False,660,False,no,no,no,no
318,15142,PygmalionAI@pygmalion-6b\discussion_40.yaml,https://huggingface.co/PygmalionAI/pygmalion-6b/discussions/40,PygmalionAI/pygmalion-6b,False,1670,False,yes,yes,yes,yes
319,4416,dandelin@vilt-b32-finetuned-nlvr2\discussion_1.yaml,https://huggingface.co/dandelin/vilt-b32-finetuned-nlvr2/discussions/1,dandelin/vilt-b32-finetuned-nlvr2,False,223,False,yes,yes,yes,yes
320,17251,stabilityai@stable-diffusion-2\discussion_65.yaml,https://huggingface.co/stabilityai/stable-diffusion-2/discussions/65,stabilityai/stable-diffusion-2,False,237,False,yes,yes,yes,yes
322,11753,MingZhong@DialogLED-base-16384\discussion_2.yaml,https://huggingface.co/MingZhong/DialogLED-base-16384/discussions/2,MingZhong/DialogLED-base-16384,False,148,False,yes,yes,yes,yes
323,3195,cognitivecomputations@dolphin-2.1-mistral-7b\discussion_13.yaml,https://huggingface.co/cognitivecomputations/dolphin-2.1-mistral-7b/discussions/13,cognitivecomputations/dolphin-2.1-mistral-7b,False,4063,False,no,no,no,no
324,216,abacaj@starcoderbase-1b-sft\discussion_4.yaml,https://huggingface.co/abacaj/starcoderbase-1b-sft/discussions/4,abacaj/starcoderbase-1b-sft,False,934,False,no,no,no,no
325,17480,stabilityai@stable-diffusion-xl-base-1.0\discussion_32.yaml,https://huggingface.co/stabilityai/stable-diffusion-xl-base-1.0/discussions/32,stabilityai/stable-diffusion-xl-base-1.0,False,1050,False,yes,yes,yes,yes
326,13736,oliverguhr@fullstop-punctuation-multilang-large\discussion_3.yaml,https://huggingface.co/oliverguhr/fullstop-punctuation-multilang-large/discussions/3,oliverguhr/fullstop-punctuation-multilang-large,False,708,False,yes,yes,yes,yes
327,2687,cerspense@zeroscope_v2_576w\discussion_3.yaml,https://huggingface.co/cerspense/zeroscope_v2_576w/discussions/3,cerspense/zeroscope_v2_576w,False,411,False,yes,yes,yes,yes
328,14829,plasmo@vox2\discussion_4.yaml,https://huggingface.co/plasmo/vox2/discussions/4,plasmo/vox2,False,7875,False,no,no,no,no
329,1694,bert-base-uncased\discussion_53.yaml,https://huggingface.co/bert-base-uncased/discussions/53,bert-base-uncased,False,1603,False,no,no,no,no
330,16043,Salesforce@codet5-base-codexglue-concode\discussion_1.yaml,https://huggingface.co/Salesforce/codet5-base-codexglue-concode/discussions/1,Salesforce/codet5-base-codexglue-concode,False,161,False,yes,yes,yes,yes
331,18133,templates@automatic-speech-recognition\discussion_1.yaml,https://huggingface.co/templates/automatic-speech-recognition/discussions/1,templates/automatic-speech-recognition,False,650,False,yes,yes,yes,yes
332,18057,TehVenom@WizardLM-13B-Uncensored-Q5_1-GGML\discussion_4.yaml,https://huggingface.co/TehVenom/WizardLM-13B-Uncensored-Q5_1-GGML/discussions/4,TehVenom/WizardLM-13B-Uncensored-Q5_1-GGML,False,69,False,yes,yes,yes,yes
335,22228,waifu-research-department@long-prompt-weighting-pipeline\discussion_1.yaml,https://huggingface.co/waifu-research-department/long-prompt-weighting-pipeline/discussions/1,waifu-research-department/long-prompt-weighting-pipeline,False,359,False,no,yes,yes,yes
336,34,01-ai@Yi-34B\discussion_8.yaml,https://huggingface.co/01-ai/Yi-34B/discussions/8,01-ai/Yi-34B,False,2353,False,yes,yes,yes,yes
337,8258,HuggingFaceH4@starchat-alpha\discussion_8.yaml,https://huggingface.co/HuggingFaceH4/starchat-alpha/discussions/8,HuggingFaceH4/starchat-alpha,False,1204,False,yes,yes,yes,yes
338,14399,openlm-research@open_llama_7b\discussion_3.yaml,https://huggingface.co/openlm-research/open_llama_7b/discussions/3,openlm-research/open_llama_7b,False,1547,False,yes,yes,yes,yes
339,11645,microsoft@trocr-small-printed\discussion_3.yaml,https://huggingface.co/microsoft/trocr-small-printed/discussions/3,microsoft/trocr-small-printed,False,1745,False,yes,yes,yes,yes
340,3854,CompVis@stable-diffusion-v1-4\discussion_86.yaml,https://huggingface.co/CompVis/stable-diffusion-v1-4/discussions/86,CompVis/stable-diffusion-v1-4,False,126,False,yes,yes,yes,yes
341,7505,gpt2\discussion_66.yaml,https://huggingface.co/gpt2/discussions/66,gpt2,False,101,False,no,no,no,no
342,21395,togethercomputer@Pythia-Chat-Base-7B\discussion_1.yaml,https://huggingface.co/togethercomputer/Pythia-Chat-Base-7B/discussions/1,togethercomputer/Pythia-Chat-Base-7B,False,312,False,no,no,no,no
343,1091,ArthurADJ@DanAvidan\discussion_1.yaml,https://huggingface.co/ArthurADJ/DanAvidan/discussions/1,ArthurADJ/DanAvidan,False,484,False,yes,yes,yes,yes
344,5988,enlyth@baj-tts\discussion_1.yaml,https://huggingface.co/enlyth/baj-tts/discussions/1,enlyth/baj-tts,False,67,False,yes,yes,yes,yes
345,13563,nsfwthrowitaway69@Venus-120b-v1.1\discussion_2.yaml,https://huggingface.co/nsfwthrowitaway69/Venus-120b-v1.1/discussions/2,nsfwthrowitaway69/Venus-120b-v1.1,False,1610,False,yes,yes,yes,yes
346,18437,TheBloke@deepseek-coder-1.3b-instruct-GGUF\discussion_1.yaml,https://huggingface.co/TheBloke/deepseek-coder-1.3b-instruct-GGUF/discussions/1,TheBloke/deepseek-coder-1.3b-instruct-GGUF,False,5609,False,no,no,no,no
347,9316,joaoalvarenga@bloom-8bit\discussion_3.yaml,https://huggingface.co/joaoalvarenga/bloom-8bit/discussions/3,joaoalvarenga/bloom-8bit,False,444,False,yes,yes,yes,yes
349,13200,nitrosocke@mo-di-diffusion\discussion_10.yaml,https://huggingface.co/nitrosocke/mo-di-diffusion/discussions/10,nitrosocke/mo-di-diffusion,False,1029,False,yes,yes,yes,yes
350,1579,BelleGroup@BELLE-LLaMA-7B-2M-enc\discussion_1.yaml,https://huggingface.co/BelleGroup/BELLE-LLaMA-7B-2M-enc/discussions/1,BelleGroup/BELLE-LLaMA-7B-2M-enc,False,1404,False,no,no,no,no
351,120,1-800-BAD-CODE@punctuation_fullstop_truecase_english\discussion_4.yaml,https://huggingface.co/1-800-BAD-CODE/punctuation_fullstop_truecase_english/discussions/4,1-800-BAD-CODE/punctuation_fullstop_truecase_english,False,1442,False,no,no,no,no
352,7489,gpt2\discussion_39.yaml,https://huggingface.co/gpt2/discussions/39,gpt2,False,1104,False,no,no,no,no
353,20719,THUDM@cogagent-vqa-hf\discussion_1.yaml,https://huggingface.co/THUDM/cogagent-vqa-hf/discussions/1,THUDM/cogagent-vqa-hf,False,131,False,yes,yes,yes,yes
355,22633,Xenova@mms-tts-por\discussion_1.yaml,https://huggingface.co/Xenova/mms-tts-por/discussions/1,Xenova/mms-tts-por,False,78,False,yes,yes,yes,yes
357,16050,Salesforce@codet5-small\discussion_4.yaml,https://huggingface.co/Salesforce/codet5-small/discussions/4,Salesforce/codet5-small,False,116,False,yes,yes,yes,yes
358,3375,cognitivecomputations@WizardLM-7B-Uncensored\discussion_15.yaml,https://huggingface.co/cognitivecomputations/WizardLM-7B-Uncensored/discussions/15,cognitivecomputations/WizardLM-7B-Uncensored,False,841,False,yes,yes,yes,yes
359,15369,ramadita@ID-Llama-2-7b-Chat-GPTQ\discussion_1.yaml,https://huggingface.co/ramadita/ID-Llama-2-7b-Chat-GPTQ/discussions/1,ramadita/ID-Llama-2-7b-Chat-GPTQ,False,1155,False,yes,yes,yes,yes
360,7761,h94@IP-Adapter-FaceID\discussion_20.yaml,https://huggingface.co/h94/IP-Adapter-FaceID/discussions/20,h94/IP-Adapter-FaceID,False,511,False,yes,yes,yes,yes
361,1648,berkeley-nest@Starling-LM-7B-alpha\discussion_26.yaml,https://huggingface.co/berkeley-nest/Starling-LM-7B-alpha/discussions/26,berkeley-nest/Starling-LM-7B-alpha,False,409,False,yes,yes,yes,yes
363,3204,cognitivecomputations@dolphin-2.1-mistral-7b\discussion_6.yaml,https://huggingface.co/cognitivecomputations/dolphin-2.1-mistral-7b/discussions/6,cognitivecomputations/dolphin-2.1-mistral-7b,False,1633,False,yes,yes,yes,yes
365,182,7eu7d7@ML-Danbooru\discussion_1.yaml,https://huggingface.co/7eu7d7/ML-Danbooru/discussions/1,7eu7d7/ML-Danbooru,False,451,False,yes,yes,yes,yes
366,6216,facebook@fastspeech2-en-ljspeech\discussion_18.yaml,https://huggingface.co/facebook/fastspeech2-en-ljspeech/discussions/18,facebook/fastspeech2-en-ljspeech,False,442,False,yes,yes,yes,yes
368,6275,facebook@maskformer-swin-large-coco\discussion_1.yaml,https://huggingface.co/facebook/maskformer-swin-large-coco/discussions/1,facebook/maskformer-swin-large-coco,False,821,False,yes,yes,yes,yes
369,13238,nitrosocke@redshift-diffusion-768\discussion_3.yaml,https://huggingface.co/nitrosocke/redshift-diffusion-768/discussions/3,nitrosocke/redshift-diffusion-768,False,443,False,yes,yes,yes,yes
371,15594,RJuro@SciNERTopic\discussion_2.yaml,https://huggingface.co/RJuro/SciNERTopic/discussions/2,RJuro/SciNERTopic,False,222,False,yes,yes,yes,yes
372,18782,TheBloke@leo-hessianai-7B-AWQ\discussion_1.yaml,https://huggingface.co/TheBloke/leo-hessianai-7B-AWQ/discussions/1,TheBloke/leo-hessianai-7B-AWQ,False,211,False,yes,yes,yes,yes
373,11755,minhtoan@gpt3-small-finetune-cnndaily-news\discussion_3.yaml,https://huggingface.co/minhtoan/gpt3-small-finetune-cnndaily-news/discussions/3,minhtoan/gpt3-small-finetune-cnndaily-news,False,195,False,yes,yes,yes,yes
374,11532,microsoft@phi-2\discussion_52.yaml,https://huggingface.co/microsoft/phi-2/discussions/52,microsoft/phi-2,False,504,False,yes,yes,yes,yes
375,13919,openai@shap-e\discussion_12.yaml,https://huggingface.co/openai/shap-e/discussions/12,openai/shap-e,False,204,False,no,no,no,no
376,13700,OFA-Sys@expertllama-7b-delta\discussion_1.yaml,https://huggingface.co/OFA-Sys/expertllama-7b-delta/discussions/1,OFA-Sys/expertllama-7b-delta,False,89,False,yes,yes,yes,yes
377,10905,madebyollin@sdxl-vae-fp16-fix\discussion_9.yaml,https://huggingface.co/madebyollin/sdxl-vae-fp16-fix/discussions/9,madebyollin/sdxl-vae-fp16-fix,False,395,False,yes,yes,yes,yes
378,253,Abirate@gpt_3_finetuned_multi_x_science\discussion_1.yaml,https://huggingface.co/Abirate/gpt_3_finetuned_multi_x_science/discussions/1,Abirate/gpt_3_finetuned_multi_x_science,False,137,False,yes,yes,yes,yes
